Source Zip Code,Destination Zip Code,Geodic Distance
10552,10550,1.131330300414714
10552,53013,740.3885268206351
